{
	"width" : 640,
	"height" : 480,
	"intrinsic_matrix" :
	[
		386.22674560546875,
		0,
		0,
		0,
		386.22674560546875,
		0,
		317.3930969238281,
		239.78431701660156,
		1
	]
}
