{
	"width" : 640,
	"height" : 480,
	"intrinsic_matrix" :
	[
		912.1310424804688,
		0,
		0,
		0,
		912.1310424804688,
		0,
		636.2242431640625,
		351.17333984375,
		1
	]
}
